,p_val,avg_log2FC,pct.1,pct.2,p_val_adj,cluster,gene
AC026369.3,1.57244731541532e-140,4.388090294,0.179,0.023,8.73101371884357e-136,Adjacent,AC026369.3
LAMP5,3.73081886812399e-153,3.835963356,0.31,0.088,2.07153717652585e-148,Adjacent,LAMP5
EDNRB,7.79345858614958e-199,3.504352393,0.252,0.032,4.32731787995955e-194,Adjacent,EDNRB
LINC01781,7.02671170172054e-242,3.301204121,0.339,0.057,3.90158167238033e-237,Adjacent,LINC01781
FRZB,3.93916422622878e-184,3.17755834,0.279,0.05,2.18722093661353e-179,Adjacent,FRZB
GPRC5D,8.88270401298407e-149,3.039229718,0.211,0.031,4.93212140320941e-144,Adjacent,GPRC5D
AC245014.3,2.25250226318921e-94,3.003663958,0.16,0.03,1.25070188163581e-89,Adjacent,AC245014.3
QPCT,1.80095752775838e-154,2.920126615,0.385,0.139,9.99981667287841e-150,Adjacent,QPCT
AC007952.4,4.96351507712401e-41,2.120231898,0.155,0.06,2.7559917465731e-36,Adjacent,AC007952.4
FBP1,1.54950954414105e-78,2.097562151,0.268,0.105,8.60365174384319e-74,Adjacent,FBP1
FABP1,3.22751850331592e-57,2.091722545,0.163,0.052,1.79207964896616e-52,Adjacent,FABP1
PERP,8.57645257226007e-81,2.063101424,0.348,0.17,4.7620752907474e-76,Adjacent,PERP
CTHRC1,7.30482599950331e-61,2.041868538,0.209,0.079,4.05600463622421e-56,Adjacent,CTHRC1
FCRLA,2.78674836632891e-63,2.032698886,0.272,0.125,1.54734203040413e-58,Adjacent,FCRLA
SPINK2,8.28234472349044e-74,2.022504577,0.193,0.057,4.59877190771807e-69,Adjacent,SPINK2
NPM3,8.63699098980822e-65,1.951947122,0.251,0.104,4.79568924709102e-60,Adjacent,NPM3
ANG,2.07173935869059e-33,1.903387436,0.192,0.097,1.15033327891295e-28,Adjacent,ANG
DPEP1,1.36292633130644e-33,1.847114801,0.193,0.098,7.56764845457902e-29,Adjacent,DPEP1
HBA1,1.18483202544021e-142,1.831754773,0.256,0.055,6.57877982125677e-138,Adjacent,HBA1
LINC01480,4.80387282607814e-67,1.809925053,0.269,0.118,2.66735038667989e-62,Adjacent,LINC01480
SCYL2,6.98596747094201e-26,1.76313924,0.192,0.109,3.87895843824055e-21,Adjacent,SCYL2
CST3,6.38291839843064e-121,1.737729011,0.544,0.332,3.54411544072862e-116,Adjacent,CST3
ATP5MPL,9.69093266235734e-92,1.732247485,0.407,0.22,5.38089036077391e-87,Adjacent,ATP5MPL
TNFRSF13B,1.37383467743319e-123,1.704731487,0.439,0.191,7.62821704644779e-119,Adjacent,TNFRSF13B
ATP5MD,2.29568738598378e-77,1.691200185,0.389,0.222,1.27468042106749e-72,Adjacent,ATP5MD
DMAC1,1.33153462998297e-35,1.653583346,0.21,0.108,7.39334603298042e-31,Adjacent,DMAC1
MLLT3,1.15953897133991e-62,1.631202574,0.304,0.148,6.43834013836483e-58,Adjacent,MLLT3
GPR160,4.47458628954092e-98,1.617395159,0.41,0.194,2.4845140372676e-93,Adjacent,GPR160
C19orf48,1.15309995296439e-22,1.60256045,0.158,0.085,6.40258748883476e-18,Adjacent,C19orf48
SMIM27,3.29278605982092e-27,1.589093696,0.185,0.099,1.82831945971557e-22,Adjacent,SMIM27
LSR,4.51777220514655e-52,1.582154847,0.332,0.189,2.50849301690762e-47,Adjacent,LSR
WASHC1,1.14252416260085e-34,1.56167079,0.182,0.086,6.34386541284123e-30,Adjacent,WASHC1
CCDC112,1.26816196569434e-20,1.541845546,0.191,0.117,7.04146931451785e-16,Adjacent,CCDC112
P2RX5,8.7123095333072e-34,1.518287119,0.222,0.118,4.83750986836883e-29,Adjacent,P2RX5
MTRNR2L8,7.54035918047261e-47,1.501664912,0.27,0.133,4.18678443495742e-42,Adjacent,MTRNR2L8
HLA-DOB,4.16629016285436e-48,1.493963647,0.361,0.225,2.31333261292488e-43,Adjacent,HLA-DOB
C6orf48,2.67108013926511e-114,1.476443786,0.517,0.279,1.48311724732695e-109,Adjacent,C6orf48
AAED1,6.63663658653636e-27,1.473155482,0.179,0.094,3.68499246467432e-22,Adjacent,AAED1
ATP5F1E,1.07813394555594e-105,1.45885383,0.465,0.253,5.98633873269937e-101,Adjacent,ATP5F1E
SPINT2,1.89244743536563e-76,1.446563314,0.466,0.284,1.05078143848677e-71,Adjacent,SPINT2
UNC93B1,2.49769636753022e-60,1.435039884,0.36,0.193,1.38684590807116e-55,Adjacent,UNC93B1
NDUFA7,7.25325285347981e-39,1.431181602,0.271,0.154,4.02736864689467e-34,Adjacent,NDUFA7
CCNG1,1.2390311198631e-60,1.423488483,0.416,0.253,6.87972029303984e-56,Adjacent,CCNG1
HOMER3,1.94437693312113e-38,1.423398106,0.16,0.065,1.07961529211551e-33,Adjacent,HOMER3
MRPS2,2.0114366256803e-36,1.421831685,0.288,0.173,1.11685018640899e-31,Adjacent,MRPS2
METTL26,4.00976086110256e-28,1.410608779,0.271,0.176,2.2264197181272e-23,Adjacent,METTL26
FBXO4,2.75468362660938e-17,1.398801191,0.154,0.09,1.52953808367486e-12,Adjacent,FBXO4
SYPL1,3.4706858341236e-34,1.39733771,0.273,0.161,1.92709830939713e-29,Adjacent,SYPL1
NOP53,4.69437139751497e-62,1.392534718,0.461,0.318,2.60654971847019e-57,Adjacent,NOP53
PSAT1,7.01124452703686e-33,1.39147002,0.242,0.137,3.89299352363722e-28,Adjacent,PSAT1
BUD23,3.49417648153373e-34,1.374010409,0.318,0.212,1.9401414913716e-29,Adjacent,BUD23
DUSP22,1.44619948151711e-60,1.36409538,0.446,0.289,8.03002262112378e-56,Adjacent,DUSP22
CD9,5.62347990058723e-53,1.363248316,0.353,0.2,3.12243721480106e-48,Adjacent,CD9
AP1S2,5.45161609906835e-38,1.354091329,0.317,0.198,3.0270098390077e-33,Adjacent,AP1S2
FAM96A,1.28716855620838e-56,1.345499575,0.398,0.243,7.14700340834704e-52,Adjacent,FAM96A
pEpi23,2.42589132818938e-26,1.338638938,0.292,0.199,1.34697615997715e-21,Adjacent,pEpi23
EXOSC5,1.91182661865209e-19,1.325556826,0.169,0.098,1.06154173000658e-14,Adjacent,EXOSC5
ATP5PO,1.43764238619788e-54,1.323742497,0.385,0.244,7.98250934936373e-50,Adjacent,ATP5PO
LINC00467,2.71601210129651e-20,1.320602066,0.205,0.128,1.50806571924489e-15,Adjacent,LINC00467
BEX2,1.90315026812068e-34,1.318865483,0.223,0.116,1.05672418637401e-29,Adjacent,BEX2
SELENOT,1.38269680577173e-49,1.318707918,0.409,0.284,7.67742401404752e-45,Adjacent,SELENOT
NT5C3B,1.88809866537972e-17,1.3024107,0.173,0.105,1.04836678395209e-12,Adjacent,NT5C3B
EPS8L2,2.36240389647026e-20,1.298275991,0.173,0.099,1.31172476351511e-15,Adjacent,EPS8L2
SMIM26,1.12506746764043e-27,1.287747753,0.306,0.213,6.24693711407349e-23,Adjacent,SMIM26
UQCC3,1.05027894555165e-14,1.283176487,0.181,0.12,5.83167384517555e-10,Adjacent,UQCC3
ATP5MF,5.5295301854472e-49,1.279681429,0.421,0.298,3.07027163546956e-44,Adjacent,ATP5MF
RSL24D1,5.52968501487543e-150,1.268260238,0.733,0.535,3.07035760450958e-145,Adjacent,RSL24D1
RNASET2,2.14885608336278e-177,1.258793196,0.761,0.538,1.19315234028719e-172,Adjacent,RNASET2
FBL,1.03344852432765e-82,1.247178863,0.536,0.343,5.7382229313293e-78,Adjacent,FBL
CMSS1,1.11395928513856e-27,1.244431725,0.255,0.156,6.18525893073184e-23,Adjacent,CMSS1
COA4,5.27797385690228e-19,1.242237562,0.212,0.137,2.93059498404499e-14,Adjacent,COA4
ARV1,1.70146871964579e-14,1.233484977,0.167,0.106,9.44740506583322e-10,Adjacent,ARV1
BTLA,5.2028818701885e-23,1.229600336,0.163,0.086,2.88890015842217e-18,Adjacent,BTLA
FXN,3.46522143273092e-23,1.228821133,0.22,0.134,1.92406420052384e-18,Adjacent,FXN
HIKESHI,2.19875181761913e-15,1.228685658,0.204,0.14,1.22085694673302e-10,Adjacent,HIKESHI
ACAT1,1.15166808017303e-43,1.225745138,0.365,0.229,6.39463701516074e-39,Adjacent,ACAT1
C5orf15,3.55565144583308e-21,1.214679191,0.206,0.125,1.97427546529882e-16,Adjacent,C5orf15
NDUFAF8,1.56968988577375e-20,1.208701871,0.268,0.189,8.71570309075875e-16,Adjacent,NDUFAF8
UBE2E1,1.25062678415409e-49,1.194214684,0.36,0.208,6.9441052190156e-45,Adjacent,UBE2E1
MCRIP2,8.78848157278163e-15,1.180746173,0.159,0.099,4.879804393287e-10,Adjacent,MCRIP2
APP,4.55129322752073e-21,1.177815354,0.166,0.092,2.52710556458089e-16,Adjacent,APP
AHCY,1.24319574950413e-24,1.177284778,0.265,0.172,6.9028443991217e-20,Adjacent,AHCY
GLO1,1.5405443488606e-47,1.17712841,0.443,0.301,8.55387249704849e-43,Adjacent,GLO1
RNASE6,1.96258026443488e-11,1.176088069,0.307,0.263,1.08972269182747e-06,Adjacent,RNASE6
THG1L,5.79888020909112e-18,1.167537465,0.164,0.095,3.21982823609784e-13,Adjacent,THG1L
ZNF581,8.1855389964722e-35,1.16311218,0.273,0.155,4.54502052779119e-30,Adjacent,ZNF581
ATP5F1D,2.94413101021674e-52,1.16289423,0.449,0.326,1.63472874342285e-47,Adjacent,ATP5F1D
AREG,6.17285388190116e-40,1.155562846,0.272,0.148,3.42747711792562e-35,Adjacent,AREG
FXYD5,1.02249007856525e-155,1.151895471,0.779,0.574,5.67737616123357e-151,Adjacent,FXYD5
NBDY,4.70971708944588e-46,1.147865463,0.369,0.224,2.61507041391483e-41,Adjacent,NBDY
ATP5MC1,1.00172398312714e-27,1.141308232,0.353,0.263,5.56207241631344e-23,Adjacent,ATP5MC1
ITGB7,1.12664820596034e-72,1.140176297,0.524,0.339,6.25571416359477e-68,Adjacent,ITGB7
PAIP2B,3.77145738060954e-30,1.137158584,0.261,0.155,2.09410171058345e-25,Adjacent,PAIP2B
TMEM205,3.5015007839108e-69,1.130628869,0.577,0.428,1.94420831026647e-64,Adjacent,TMEM205
COPS9,6.44423449598211e-27,1.129810285,0.343,0.249,3.57816120389407e-22,Adjacent,COPS9
C15orf61,6.34166840122676e-25,1.126112392,0.299,0.205,3.52121137978116e-20,Adjacent,C15orf61
AIG1,9.54351998427785e-34,1.124256034,0.34,0.223,5.29903947127028e-29,Adjacent,AIG1
XIST,1.82410086948635e-72,1.119081601,0.394,0.197,1.01283200778229e-67,Adjacent,XIST
SERPINB6,2.87836063643371e-25,1.114728708,0.194,0.106,1.59820974337982e-20,Adjacent,SERPINB6
LGALS3BP,8.4141293372452e-11,1.113845235,0.16,0.11,4.6719453145054e-06,Adjacent,LGALS3BP
FCGR2B,9.82461048327673e-17,1.108059009,0.324,0.259,5.4551149708394e-12,Adjacent,FCGR2B
ATP5PB,9.63447535993278e-18,1.098085833,0.291,0.221,5.34954244360268e-13,Adjacent,ATP5PB
ATP5MG,4.54366671365978e-64,1.094840332,0.518,0.391,2.5228709427596e-59,Adjacent,ATP5MG
MRPL24,1.5042222271278e-29,1.093669265,0.313,0.205,8.35219391612711e-25,Adjacent,MRPL24
HBA2,1.60454529411313e-90,1.093475811,0.261,0.088,8.90923774556315e-86,Adjacent,HBA2
ELOF1,5.73944276015482e-41,1.093401109,0.417,0.283,3.18682559257597e-36,Adjacent,ELOF1
COMMD3,1.75019043084582e-76,1.08878653,0.622,0.462,9.71793236727141e-72,Adjacent,COMMD3
TATDN1,1.47507693127313e-27,1.087363419,0.268,0.165,8.19036466089403e-23,Adjacent,TATDN1
PDLIM1,6.20341225267739e-27,1.082213008,0.334,0.233,3.44444465329912e-22,Adjacent,PDLIM1
INSR,6.09409344978623e-22,1.080371153,0.217,0.132,3.3837453879938e-17,Adjacent,INSR
RTRAF,3.01113822534333e-23,1.079158255,0.331,0.249,1.67193449962188e-18,Adjacent,RTRAF
PHGR1,3.73727623283894e-24,1.066886629,0.198,0.112,2.07512262828382e-19,Adjacent,PHGR1
TRIR,7.82391439349909e-35,1.065355077,0.404,0.299,4.34422846699037e-30,Adjacent,TRIR
TMED3,2.3064636201975e-30,1.063737596,0.405,0.302,1.28066392511466e-25,Adjacent,TMED3
SELENOH,1.49600976896616e-24,1.063368404,0.352,0.269,8.30659424218462e-20,Adjacent,SELENOH
UFD1,2.52265867468313e-10,1.062181143,0.215,0.164,1.40070622911781e-05,Adjacent,UFD1
PLAC8,1.69817283992235e-37,1.062160286,0.318,0.188,9.42910469366883e-33,Adjacent,PLAC8
MRPS21,1.26760684491288e-81,1.058463989,0.59,0.409,7.03838700637878e-77,Adjacent,MRPS21
RPP25L,7.48516604524626e-17,1.058434147,0.212,0.14,4.15613844662299e-12,Adjacent,RPP25L
TXN,3.95629782437942e-95,1.055391056,0.773,0.66,2.19673436698667e-90,Adjacent,TXN
ATP5PF,1.01849532316761e-35,1.050529813,0.419,0.319,5.65519528188816e-31,Adjacent,ATP5PF
ATP5F1A,1.33199443462493e-31,1.048660566,0.391,0.292,7.3958990982549e-27,Adjacent,ATP5F1A
TMBIM4,1.86942779087851e-104,1.045375526,0.656,0.453,1.03799978088529e-99,Adjacent,TMBIM4
PRKD2,1.64545265797545e-26,1.04470432,0.323,0.221,9.1363758834087e-22,Adjacent,PRKD2
pT14 (gd-like T),2.59924872095429e-07,1.044557899,0.339,0.32,0.014432329,Adjacent,pT14 (gd-like T)
PPA2,7.69389942301312e-28,1.042291361,0.302,0.196,4.27203765462804e-23,Adjacent,PPA2
SLIRP,1.02003174959335e-15,1.040718473,0.32,0.265,5.66372628961705e-11,Adjacent,SLIRP
APIP,4.20319856028144e-14,1.03679226,0.216,0.152,2.33382600059627e-09,Adjacent,APIP
PRKCSH,2.57494859275729e-49,1.030150663,0.504,0.364,1.42974020612849e-44,Adjacent,PRKCSH
ATP5MC2,2.35349965089026e-51,1.027914729,0.478,0.358,1.30678068115682e-46,Adjacent,ATP5MC2
GPX7,1.36023830864033e-11,1.026367718,0.194,0.137,7.55272320872544e-07,Adjacent,GPX7
REX1BD,1.38179154213798e-20,1.026097011,0.323,0.246,7.67239753772113e-16,Adjacent,REX1BD
EMC9,1.35324252020511e-10,1.02279789,0.173,0.12,7.51387909343886e-06,Adjacent,EMC9
TEN1,6.15378407743445e-12,1.020545625,0.167,0.111,3.41688860899548e-07,Adjacent,TEN1
CHP1,1.43319988270536e-21,1.018023033,0.302,0.213,7.95784234872149e-17,Adjacent,CHP1
DYRK4,9.57310060890277e-11,1.015334645,0.173,0.12,5.31546411309326e-06,Adjacent,DYRK4
LYPLAL1,1.06712831177575e-12,1.014161936,0.157,0.101,5.92522995113487e-08,Adjacent,LYPLAL1
EVI2B,1.81027331948969e-114,1.014160602,0.738,0.564,1.00515426064665e-109,Adjacent,EVI2B
ATP5IF1,1.29264685545397e-30,1.010610447,0.403,0.309,7.17742166490815e-26,Adjacent,ATP5IF1
SIGMAR1,1.11038569281775e-15,1.009536485,0.184,0.116,6.16541655937056e-11,Adjacent,SIGMAR1
SLC39A3,9.66763578973914e-25,1.008540723,0.232,0.138,5.36795477225266e-20,Adjacent,SLC39A3
TMEM147,2.34983614087056e-83,1.004678002,0.674,0.522,1.30474651721838e-78,Adjacent,TMEM147
LYRM4,1.41691085217858e-17,0.997342429,0.243,0.167,7.86739750672158e-13,Adjacent,LYRM4
PDCD5,1.27336480274932e-35,0.997128204,0.502,0.407,7.07035806726559e-31,Adjacent,PDCD5
SELENOM,4.9150662209028e-27,0.996886395,0.369,0.273,2.72909051915628e-22,Adjacent,SELENOM
RPS17,2.03475570147851e-231,0.995631758,0.904,0.622,1.12979810324594e-226,Adjacent,RPS17
PAICS,2.61274924616409e-17,0.995209683,0.217,0.142,1.45072901893261e-12,Adjacent,PAICS
SPNS1,6.36529659621959e-10,0.989744553,0.174,0.123,3.53433093505093e-05,Adjacent,SPNS1
pS23 (Endo lymph),1.21479590927199e-18,0.98959528,0.284,0.202,6.74515428623272e-14,Adjacent,pS23 (Endo lymph)
EIF3M,1.06460013683673e-66,0.989133168,0.608,0.465,5.91119225978594e-62,Adjacent,EIF3M
ATP5F1C,5.13126205230104e-14,0.983766534,0.288,0.23,2.84913325454015e-09,Adjacent,ATP5F1C
ALKBH7,2.02054247691066e-70,0.982980985,0.651,0.523,1.12190621030464e-65,Adjacent,ALKBH7
UBE2E2,1.19066716858338e-14,0.982672609,0.153,0.092,6.61117945355922e-10,Adjacent,UBE2E2
PSMA2,6.47478463661569e-73,0.981716911,0.562,0.376,3.59512416948086e-68,Adjacent,PSMA2
RPL36A,1.36502388111375e-202,0.978708912,0.889,0.776,7.5792950998841e-198,Adjacent,RPL36A
NHP2,5.50989449104807e-50,0.976747798,0.5,0.361,3.05936891615444e-45,Adjacent,NHP2
EIF3L,1.73219462196755e-112,0.97291037,0.714,0.533,9.61801063847484e-108,Adjacent,EIF3L
MRPL32,3.04620203733983e-20,0.971774608,0.337,0.254,1.69140368123294e-15,Adjacent,MRPL32
ATP5PD,6.4399907427093e-18,0.971771817,0.313,0.242,3.57580485988934e-13,Adjacent,ATP5PD
ZFAND1,7.34207603309096e-31,0.971470941,0.345,0.228,4.07668771737376e-26,Adjacent,ZFAND1
CNIH1,3.28242713258948e-27,0.971075697,0.41,0.315,1.82256766537031e-22,Adjacent,CNIH1
ATP5MC3,2.56737879929255e-30,0.970244728,0.403,0.31,1.42553707830719e-25,Adjacent,ATP5MC3
MYDGF,2.2907504027902e-44,0.968068786,0.497,0.409,1.27193916114926e-39,Adjacent,MYDGF
IDUA,3.2629184819903e-10,0.964061992,0.155,0.105,1.81173548712511e-05,Adjacent,IDUA
DTD1,1.15194687681329e-15,0.960812921,0.191,0.123,6.3961850335058e-11,Adjacent,DTD1
YIPF2,3.59927330671671e-18,0.956235845,0.314,0.237,1.99849650355445e-13,Adjacent,YIPF2
RNF11,1.93575227060774e-16,0.949964926,0.247,0.172,1.07482644825495e-11,Adjacent,RNF11
SH2B2,4.46546445983484e-14,0.949095185,0.175,0.112,2.4794491413233e-09,Adjacent,SH2B2
EIF2A,2.54643934216138e-53,0.948570296,0.539,0.4,1.41391044473511e-48,Adjacent,EIF2A
TM7SF2,7.7463152674565e-10,0.948337097,0.185,0.134,4.30114155225522e-05,Adjacent,TM7SF2
PFDN4,7.31226314597223e-16,0.946912022,0.286,0.214,4.06013411180108e-11,Adjacent,PFDN4
GTPBP6,2.70451544093608e-14,0.946026606,0.229,0.162,1.50168219857976e-09,Adjacent,GTPBP6
PARVB,2.2257071761557e-18,0.945476602,0.272,0.191,1.23582390956045e-13,Adjacent,PARVB
TMX2,2.82974046172389e-19,0.944459431,0.303,0.219,1.57121339137219e-14,Adjacent,TMX2
SELENOW,8.46811454474675e-12,0.941871625,0.244,0.187,4.70192060097063e-07,Adjacent,SELENOW
CCR10,3.43677969406967e-29,0.941631129,0.354,0.246,1.90827192513218e-24,Adjacent,CCR10
SLC1A5,6.48746027819473e-24,0.94051043,0.382,0.291,3.60216231946762e-19,Adjacent,SLC1A5
NME4,1.67626819857788e-21,0.940250411,0.308,0.215,9.30747917260367e-17,Adjacent,NME4
DDOST,1.15828074999652e-83,0.937385607,0.689,0.539,6.43135386435568e-79,Adjacent,DDOST
ALG8,2.14992835718947e-16,0.937100907,0.264,0.187,1.19374772032945e-11,Adjacent,ALG8
DDX49,2.03020859086301e-11,0.934190267,0.166,0.112,1.12727332007669e-06,Adjacent,DDX49
BCAP31,1.68955959971589e-44,0.933674839,0.569,0.466,9.38127967742246e-40,Adjacent,BCAP31
DRAM2,7.54310074114166e-25,0.927290975,0.359,0.258,4.18830668651891e-20,Adjacent,DRAM2
ATP5F1B,1.31676058332634e-22,0.926473282,0.361,0.278,7.31131313891949e-18,Adjacent,ATP5F1B
EMC4,3.38305524442458e-44,0.925870712,0.525,0.41,1.87844142446675e-39,Adjacent,EMC4
PRCP,5.34323617775145e-16,0.924738493,0.351,0.281,2.96683188769649e-11,Adjacent,PRCP
EIF3F,7.90365621869245e-111,0.923155179,0.757,0.623,4.38850511542898e-106,Adjacent,EIF3F
IFRD2,1.12904305092711e-10,0.921342696,0.191,0.136,6.26901154027278e-06,Adjacent,IFRD2
EIF3E,4.86088287942156e-144,0.92052308,0.821,0.685,2.69900521879882e-139,Adjacent,EIF3E
SPTLC1,1.77939371949562e-09,0.919676523,0.184,0.133,9.88008362749943e-05,Adjacent,SPTLC1
BMI1,7.38938196996108e-23,0.918515405,0.32,0.227,4.10295433882089e-18,Adjacent,BMI1
TMEM109,1.47435116353273e-16,0.91667529,0.302,0.224,8.18633483551547e-12,Adjacent,TMEM109
MRPL12,2.48696401084994e-19,0.91525293,0.336,0.253,1.38088676702443e-14,Adjacent,MRPL12
TMED1,1.7990265512557e-08,0.914648951,0.171,0.125,0.000998909,Adjacent,TMED1
MESD,8.71377140550386e-14,0.913572472,0.276,0.214,4.83832157290602e-09,Adjacent,MESD
pB05,1.4673304033258e-10,0.913259391,0.217,0.16,8.14735206446653e-06,Adjacent,pB05
CLNS1A,9.39831463582958e-34,0.9108856,0.422,0.302,5.21841420154438e-29,Adjacent,CLNS1A
ATP5ME,4.56368380861351e-27,0.90978974,0.403,0.313,2.53398543473265e-22,Adjacent,ATP5ME
EIF3D,6.06084312086376e-68,0.908449471,0.588,0.434,3.3652831428596e-63,Adjacent,EIF3D
GRK6,1.76845971205729e-26,0.90280579,0.381,0.283,9.81937255119813e-22,Adjacent,GRK6
ERP44,1.50200297439866e-43,0.902477821,0.525,0.4,8.33987151534856e-39,Adjacent,ERP44
CD53,3.42354612212822e-72,0.896924851,0.678,0.544,1.90092398431169e-67,Adjacent,CD53
TMEM80,1.70857908848554e-10,0.896912926,0.182,0.128,9.48688538881594e-06,Adjacent,TMEM80
S100A8,4.56126476541644e-36,0.896814425,0.251,0.134,2.53264226099748e-31,Adjacent,S100A8
EVI2A,1.43136413427616e-40,0.896481733,0.46,0.322,7.94764935556837e-36,Adjacent,EVI2A
PKHD1L1,4.68801553797217e-16,0.896109763,0.255,0.18,2.60302062745905e-11,Adjacent,PKHD1L1
CHID1,4.84691585074658e-38,0.893947134,0.537,0.438,2.69125002612704e-33,Adjacent,CHID1
C12orf10,1.701259807757e-14,0.893617283,0.224,0.154,9.44624508257076e-10,Adjacent,C12orf10
C19orf70,4.93201321590796e-45,0.891129886,0.548,0.425,2.7385003381329e-40,Adjacent,C19orf70
NENF,3.75274874871453e-55,0.889007685,0.596,0.458,2.08371374272374e-50,Adjacent,NENF
TM7SF3,1.47115197428515e-11,0.888784524,0.207,0.148,8.16857133721828e-07,Adjacent,TM7SF3
ICAM3,2.25451496725195e-90,0.887326308,0.751,0.612,1.25181943556665e-85,Adjacent,ICAM3
IMPDH2,3.03656258173273e-22,0.885156884,0.344,0.249,1.6860513735071e-17,Adjacent,IMPDH2
ALG2,8.2519785252221e-16,0.884882939,0.31,0.237,4.58191107612957e-11,Adjacent,ALG2
NDUFAF4,2.61708271553011e-15,0.883781849,0.246,0.175,1.45313517779809e-10,Adjacent,NDUFAF4
AL928768.3,6.59830282729289e-23,0.88280319,0.151,0.076,3.66370764485438e-18,Adjacent,AL928768.3
NUCB1,4.49665291196175e-26,0.881827489,0.427,0.33,2.49676652936676e-21,Adjacent,NUCB1
GPR108,1.00885801551514e-13,0.880644782,0.271,0.202,5.60168413114782e-09,Adjacent,GPR108
IER3IP1,2.08567527383361e-31,0.880337343,0.445,0.334,1.15807119579611e-26,Adjacent,IER3IP1
B4GALT3,7.60277717070104e-39,0.879920837,0.489,0.373,4.22144202403175e-34,Adjacent,B4GALT3
BEX4,2.84526178156382e-16,0.878432149,0.206,0.133,1.57983160421331e-11,Adjacent,BEX4
ZDHHC24,7.85641318823665e-09,0.875963931,0.186,0.139,0.000436227,Adjacent,ZDHHC24
CNPY3,2.24846076698253e-20,0.87501836,0.335,0.247,1.24845784086705e-15,Adjacent,CNPY3
PFDN6,1.57612622426452e-16,0.874300553,0.322,0.246,8.75144086022876e-12,Adjacent,PFDN6
HEXA,1.31146334190563e-15,0.87329202,0.295,0.221,7.28190020593101e-11,Adjacent,HEXA
MRPL4,2.10962594213809e-13,0.872872773,0.296,0.233,1.17136980437218e-08,Adjacent,MRPL4
TSTD1,1.00762774979531e-64,0.872727771,0.611,0.459,5.59485308073849e-60,Adjacent,TSTD1
GAR1,2.0687273071831e-13,0.871703186,0.165,0.105,1.14866083731342e-08,Adjacent,GAR1
QTRT1,9.16056410118356e-24,0.867618878,0.336,0.239,5.08640321718217e-19,Adjacent,QTRT1
C21orf2,9.63880980508698e-12,0.867434887,0.202,0.144,5.35194914427455e-07,Adjacent,C21orf2
ENOPH1,5.7282843775615e-10,0.866636321,0.188,0.136,3.18062990064102e-05,Adjacent,ENOPH1
RCN1,4.7616640187388e-08,0.863762984,0.245,0.201,0.002643914,Adjacent,RCN1
SSBP4,1.3337785206435e-21,0.863736965,0.275,0.183,7.40580523587302e-17,Adjacent,SSBP4
HACD3,8.43547198790661e-12,0.863610102,0.201,0.141,4.68379582128515e-07,Adjacent,HACD3
MRPL21,2.22605380448124e-20,0.863467622,0.347,0.263,1.23601637493821e-15,Adjacent,MRPL21
SRSF8,3.89364874792523e-21,0.862101565,0.325,0.235,2.16194846728548e-16,Adjacent,SRSF8
TIMM13,1.9788744045772e-30,0.858775449,0.456,0.354,1.09877001314149e-25,Adjacent,TIMM13
PTP4A1,1.2482859148963e-10,0.857953882,0.348,0.301,6.93110754246169e-06,Adjacent,PTP4A1
MDK,6.18881688996393e-12,0.856332369,0.223,0.162,3.43634057815247e-07,Adjacent,MDK
QARS,1.9312520714131e-15,0.855109176,0.278,0.202,1.07232771265212e-10,Adjacent,QARS
TMEM126B,6.58724884996563e-12,0.855101902,0.259,0.196,3.65756992394342e-07,Adjacent,TMEM126B
CD48,1.78431066882874e-85,0.855071449,0.663,0.492,9.90738498867157e-81,Adjacent,CD48
LTA4H,4.46944942648628e-23,0.854695646,0.3,0.201,2.48166179405651e-18,Adjacent,LTA4H
SNHG8,2.0910467311831e-56,0.854553275,0.683,0.572,1.16105369748942e-51,Adjacent,SNHG8
C1GALT1C1,2.96341456612027e-10,0.850924491,0.289,0.236,1.64543593783828e-05,Adjacent,C1GALT1C1
TMEM243,1.61216923869451e-50,0.850039703,0.583,0.467,8.95156969785125e-46,Adjacent,TMEM243
RPL31,1.33359919646242e-248,0.849234148,0.954,0.855,7.40480953835757e-244,Adjacent,RPL31
PYCR2,2.12420282927221e-15,0.849026867,0.267,0.191,1.17946362095339e-10,Adjacent,PYCR2
PTPN6,1.8640148072093e-35,0.846232,0.425,0.299,1.03499422170296e-30,Adjacent,PTPN6
ESD,6.21461358374645e-18,0.843179191,0.279,0.196,3.45066419237521e-13,Adjacent,ESD
CADM1,2.61928077478754e-10,0.842658694,0.34,0.298,1.45435565020078e-05,Adjacent,CADM1
RCN2,5.23412966826072e-21,0.842441401,0.38,0.295,2.90625049830177e-16,Adjacent,RCN2
LSM4,2.69701227278192e-28,0.842166433,0.409,0.302,1.49751606446216e-23,Adjacent,LSM4
GRHPR,3.99141483135127e-12,0.841812298,0.273,0.21,2.21623308510779e-07,Adjacent,GRHPR
PET100,1.72165733812871e-14,0.839521897,0.356,0.303,9.55950236995964e-10,Adjacent,PET100
SNRPE,7.57805813353958e-44,0.839203834,0.55,0.429,4.20771677864785e-39,Adjacent,SNRPE
SSSCA1,9.86327435253144e-20,0.838394228,0.388,0.309,5.47658308424308e-15,Adjacent,SSSCA1
HNRNPA1,1.53834591044803e-205,0.838118582,0.9,0.759,8.54166566776268e-201,Adjacent,HNRNPA1
PABPC4,1.89217938438423e-81,0.837247433,0.673,0.515,1.05063260317934e-76,Adjacent,PABPC4
C19orf24,1.55269803529416e-31,0.836912265,0.489,0.387,8.6213558409708e-27,Adjacent,C19orf24
ABHD14A,5.97274783790528e-17,0.836486763,0.345,0.266,3.31636823699691e-12,Adjacent,ABHD14A
TCEAL8,1.97695121117183e-16,0.835652979,0.343,0.267,1.09770216000316e-11,Adjacent,TCEAL8
RSL1D1,1.59628683696533e-39,0.83426323,0.516,0.4,8.86338266224999e-35,Adjacent,RSL1D1
ATIC,5.38809299383185e-10,0.833729179,0.178,0.126,2.99173863482514e-05,Adjacent,ATIC
TPRA1,3.26608424598623e-07,0.83343172,0.153,0.112,0.018134933,Adjacent,TPRA1
NDUFAF1,1.52724111671956e-10,0.832921446,0.16,0.107,8.48000630058535e-06,Adjacent,NDUFAF1
LETMD1,2.58787782566135e-12,0.832482741,0.224,0.162,1.43691916269846e-07,Adjacent,LETMD1
SMIM4,3.00117093840197e-08,0.830730344,0.192,0.145,0.0016664,Adjacent,SMIM4
NDUFB8,5.44822058443975e-64,0.829560791,0.611,0.432,3.02512447951017e-59,Adjacent,NDUFB8
C2orf88,5.12581118331097e-08,0.829509004,0.214,0.167,0.002846107,Adjacent,C2orf88
EEF2,1.13170760013802e-209,0.826422799,0.914,0.825,6.28380644976637e-205,Adjacent,EEF2
RUVBL2,6.89737625877071e-11,0.825853592,0.216,0.158,3.82976816768244e-06,Adjacent,RUVBL2
CLECL1,5.11010510622532e-21,0.824621731,0.253,0.16,2.83738586023161e-16,Adjacent,CLECL1
LAMTOR1,1.73000841730574e-41,0.820809532,0.533,0.406,9.60587173709013e-37,Adjacent,LAMTOR1
LMAN2,1.84424082002107e-111,0.820699617,0.794,0.675,1.0240147153167e-106,Adjacent,LMAN2
TMEM9,1.52914037955437e-07,0.820402027,0.187,0.143,0.008490552,Adjacent,TMEM9
SEMA4A,7.1220145873698e-11,0.820001462,0.279,0.222,3.95449859963708e-06,Adjacent,SEMA4A
PRPF19,1.55322926445559e-07,0.819949514,0.184,0.141,0.008624305,Adjacent,PRPF19
PSMG4,1.25641909890226e-13,0.819661664,0.236,0.169,6.9762670466548e-09,Adjacent,PSMG4
ZFAS1,3.03981917949925e-45,0.817447959,0.627,0.532,1.68785959941696e-40,Adjacent,ZFAS1
OXA1L,2.56075818744454e-33,0.816997262,0.479,0.365,1.42186098357858e-28,Adjacent,OXA1L
EPB41L4A-AS1,2.17502218170702e-14,0.81649439,0.256,0.184,1.20768106639282e-09,Adjacent,EPB41L4A-AS1
PGRMC2,2.23046271934428e-25,0.816078773,0.4,0.299,1.23846442491591e-20,Adjacent,PGRMC2
ZNHIT3,1.94722523205643e-13,0.815409362,0.237,0.17,1.08119681009933e-08,Adjacent,ZNHIT3
PTGES2,1.24995974433657e-11,0.814671089,0.262,0.203,6.94040148042881e-07,Adjacent,PTGES2
REXO2,1.10059715236854e-19,0.814556136,0.442,0.38,6.1110656885263e-15,Adjacent,REXO2
VBP1,9.86422625967791e-14,0.813961014,0.32,0.254,5.47711163068616e-09,Adjacent,VBP1
TIMP1,1.03778605282563e-58,0.808495695,0.559,0.392,5.76230705831432e-54,Adjacent,TIMP1
SNRPD2,1.80097101518581e-107,0.80825906,0.799,0.662,9.99989156181921e-103,Adjacent,SNRPD2
MRPL34,8.6686389165273e-19,0.805616501,0.422,0.353,4.81326175840179e-14,Adjacent,MRPL34
ECSIT,2.11399167261686e-10,0.80338066,0.185,0.131,1.17379387622051e-05,Adjacent,ECSIT
CARS,1.17992837583676e-09,0.802076583,0.206,0.154,6.5515523068336e-05,Adjacent,CARS
C16orf74,1.61419663776392e-16,0.799603775,0.269,0.19,8.96282683118418e-12,Adjacent,C16orf74
SLC25A5,2.33531451691221e-56,0.796699942,0.703,0.612,1.2966833855155e-51,Adjacent,SLC25A5
FAM162A,4.05864427825153e-19,0.79582945,0.365,0.28,2.25356223549916e-14,Adjacent,FAM162A
SNHG7,7.99256428540153e-25,0.795139638,0.402,0.299,4.4378713194692e-20,Adjacent,SNHG7
CKS1B,1.24832168443406e-07,0.794056464,0.182,0.138,0.006931306,Adjacent,CKS1B
MINOS1,1.50806927849131e-40,0.793817561,0.556,0.439,8.37355466882297e-36,Adjacent,MINOS1
DDRGK1,8.49645479506311e-19,0.790998779,0.356,0.27,4.71765652495879e-14,Adjacent,DDRGK1
SURF2,6.57813625138723e-07,0.790904633,0.181,0.14,0.036525102,Adjacent,SURF2
TRAP1,3.08474726514545e-09,0.788395294,0.16,0.111,0.000171281,Adjacent,TRAP1
COX7A2L,5.69581372776192e-56,0.787098138,0.627,0.492,3.16260057233981e-51,Adjacent,COX7A2L
TMEM242,3.31621857455061e-09,0.785619055,0.172,0.122,0.000184133,Adjacent,TMEM242
AP1S1,2.53375712218106e-09,0.784380503,0.188,0.136,0.000140687,Adjacent,AP1S1
TRMT1,2.5096412356265e-10,0.781168468,0.218,0.163,1.39347829608161e-05,Adjacent,TRMT1
RMDN3,8.03361630635452e-08,0.77928666,0.153,0.109,0.004460665,Adjacent,RMDN3
PDIA3,5.20575074523412e-75,0.779073306,0.749,0.646,2.89049310129124e-70,Adjacent,PDIA3
ATP6AP1,6.11424554119522e-11,0.778292217,0.368,0.321,3.39493483674865e-06,Adjacent,ATP6AP1
SMIM7,6.73081489763659e-19,0.777860322,0.406,0.329,3.73728497191272e-14,Adjacent,SMIM7
UQCR11,1.47181219055106e-110,0.777615279,0.804,0.617,8.17223718803478e-106,Adjacent,UQCR11
CISD3,1.10652323110179e-09,0.77739942,0.209,0.156,6.14397024069268e-05,Adjacent,CISD3
DDA1,3.50183800569986e-10,0.77513908,0.251,0.197,1.94439555266485e-05,Adjacent,DDA1
CRYZL1,1.65675760834682e-10,0.774066851,0.158,0.106,9.19914662034572e-06,Adjacent,CRYZL1
CCT5,9.32001120205211e-13,0.773630001,0.288,0.221,5.17493621993943e-08,Adjacent,CCT5
HDDC2,2.11091036126245e-15,0.773343143,0.328,0.254,1.17208297809098e-10,Adjacent,HDDC2
TMEM9B,2.65472223906629e-15,0.772333825,0.346,0.272,1.47403452324156e-10,Adjacent,TMEM9B
MRPL48,2.69828108212501e-09,0.771319203,0.226,0.174,0.000149822,Adjacent,MRPL48
BANF1,6.60493960475264e-26,0.770042033,0.447,0.353,3.6673927155389e-21,Adjacent,BANF1
ARL2,8.07185535963353e-09,0.768941343,0.223,0.172,0.00044819,Adjacent,ARL2
PLGRKT,3.89687340596336e-07,0.764792914,0.209,0.166,0.02163739,Adjacent,PLGRKT
POLR1D,4.82238518329365e-34,0.764614161,0.538,0.442,2.6776293730238e-29,Adjacent,POLR1D
CAMLG,1.6941337116981e-23,0.763511035,0.386,0.287,9.40667743420368e-19,Adjacent,CAMLG
LAMTOR2,4.97153841847837e-22,0.762890622,0.459,0.382,2.76044670686011e-17,Adjacent,LAMTOR2
GSTO1,4.63863818456423e-20,0.762498821,0.406,0.325,2.57560385197929e-15,Adjacent,GSTO1
FAM174A,1.18932513055432e-11,0.761168374,0.306,0.246,6.60372778740286e-07,Adjacent,FAM174A
RNASEH2C,3.70357966321082e-37,0.760094331,0.56,0.455,2.05641260799781e-32,Adjacent,RNASEH2C
SLC25A6,2.14741026604735e-206,0.759841823,0.903,0.801,1.19234955022279e-201,Adjacent,SLC25A6
MIB2,5.51969187702051e-09,0.758071787,0.21,0.159,0.000306481,Adjacent,MIB2
ZDHHC12,1.33795122525978e-13,0.757587552,0.296,0.227,7.42897417825491e-09,Adjacent,ZDHHC12
C1QBP,6.99635611803356e-28,0.756068246,0.507,0.424,3.88472673453813e-23,Adjacent,C1QBP
COX11,5.54758322901996e-10,0.755293063,0.234,0.178,3.08029558791333e-05,Adjacent,COX11
IFNGR1,1.50472292157487e-10,0.754213679,0.204,0.147,8.35497402204446e-06,Adjacent,IFNGR1
USE1,1.2494714598336e-15,0.750509577,0.306,0.228,6.93769028072608e-11,Adjacent,USE1
IGLV6-57,3.50869313495927e-15,3.727219152,0.218,0.142,1.94820186318613e-10,cancer,IGLV6-57
PTPRCAP,1.58140830327814e-62,2.499683666,0.188,0.037,8.78076960395189e-58,cancer,PTPRCAP
IGLV3-1,1.46415917925718e-17,2.44135438,0.226,0.144,8.12974384282551e-13,cancer,IGLV3-1
CXCL8,1.31118015545974e-28,2.28725716,0.185,0.086,7.28032781319022e-24,cancer,CXCL8
TMEM238,3.13856715525704e-34,2.242278597,0.15,0.05,1.74268941295647e-29,cancer,TMEM238
CTLA4,2.40339054927263e-60,2.126672791,0.191,0.041,1.33448260248363e-55,cancer,CTLA4
HPGD,5.76323858477663e-41,2.05690907,0.178,0.058,3.20003822419722e-36,cancer,HPGD
RNASEK,1.76441174097918e-41,1.918287223,0.204,0.077,9.79689619178689e-37,cancer,RNASEK
KDM5D,3.97085509195025e-43,1.909835872,0.167,0.047,2.20481728980537e-38,cancer,KDM5D
CCND2,3.06290549500363e-87,1.843408908,0.376,0.146,1.70067827610077e-82,cancer,CCND2
GPX1,6.47827421298972e-47,1.635650949,0.184,0.051,3.59706175676254e-42,cancer,GPX1
CXCR3,2.5303537631104e-27,1.604124823,0.158,0.065,1.40497892696705e-22,cancer,CXCR3
pEpi15 (SLPI),5.88466930859855e-27,1.58765318,0.178,0.082,3.26746263359934e-22,cancer,pEpi15 (SLPI)
IGHG2,9.07237194163724e-118,1.581538324,0.436,0.153,5.03743452059408e-113,cancer,IGHG2
IGHG4,2.94547147172029e-171,1.579530568,0.571,0.195,1.63547303467269e-166,cancer,IGHG4
ICOS,1.19946046848132e-29,1.547514843,0.158,0.061,6.66000425124256e-25,cancer,ICOS
pT18 (CXCL13 T),1.00896466423325e-37,1.534388326,0.299,0.165,5.60227629815515e-33,cancer,pT18 (CXCL13 T)
PMM2,2.63360009257441e-26,1.525658237,0.164,0.071,1.46230645140194e-21,cancer,PMM2
GZMK,2.13881228594121e-36,1.524693464,0.214,0.093,1.18757552176886e-31,cancer,GZMK
DDX3Y,7.68107824772314e-42,1.510314273,0.226,0.09,4.26491869704827e-37,cancer,DDX3Y
MT-ATP8,2.42377531562424e-43,1.504758264,0.257,0.118,1.34580124400036e-38,cancer,MT-ATP8
MIR155HG,1.69414555214674e-30,1.495540812,0.234,0.121,9.40674317829476e-26,cancer,MIR155HG
H3-3A,2.1225627343052e-23,1.478218535,0.17,0.082,1.17855295822296e-18,cancer,H3-3A
pEpi14 (Reg family genes),6.56087618701786e-29,1.46749326,0.191,0.088,3.64292650284166e-24,cancer,pEpi14 (Reg family genes)
KIAA1370,1.96804948741385e-30,1.454902402,0.189,0.085,1.09275947788654e-25,cancer,KIAA1370
MTATP6P29,1.71339954544015e-29,1.446749713,0.23,0.117,9.51365097605641e-25,cancer,MTATP6P29
RP11-16E12.2,8.93277669583291e-29,1.44472467,0.192,0.09,4.95992426036123e-24,cancer,RP11-16E12.2
GTF2A1,4.02126719184583e-29,1.443008927,0.186,0.083,2.2328086082724e-24,cancer,GTF2A1
H3-3B,9.58654498389121e-28,1.428578606,0.201,0.097,5.3229291023056e-23,cancer,H3-3B
SLFN5,6.05717091175616e-30,1.37882868,0.244,0.131,3.36324414875261e-25,cancer,SLFN5
RASGRP1,1.34350641856784e-34,1.359761338,0.209,0.09,7.45981938909796e-30,cancer,RASGRP1
CD82,4.7632010688843e-22,1.358940753,0.163,0.079,2.64476739349801e-17,cancer,CD82
XAF1,1.08962071606661e-25,1.348110369,0.203,0.103,6.05011902595986e-21,cancer,XAF1
GBP5,8.43624389404311e-35,1.345689375,0.203,0.084,4.68422442216744e-30,cancer,GBP5
MAF,3.48476217889058e-45,1.321308114,0.241,0.097,1.934914199829e-40,cancer,MAF
BATF,6.41905739938715e-45,1.317384811,0.247,0.101,3.56418162100972e-40,cancer,BATF
IL2RB,1.39565440008788e-26,1.282989634,0.185,0.085,7.74937105648794e-22,cancer,IL2RB
PIK3CG,6.87831690677741e-25,1.280057705,0.192,0.096,3.81918546248816e-20,cancer,PIK3CG
SYK,1.60141820036471e-18,1.272590321,0.169,0.092,8.89187455752505e-14,cancer,SYK
pS14,2.2080827483603e-31,1.255186947,0.2,0.089,1.22603794602706e-26,cancer,pS14
pP11,6.55315002072197e-35,1.248479994,0.394,0.297,3.63863654900587e-30,cancer,pP11
RNF213,2.29783125556403e-90,1.238239197,0.533,0.296,1.27587080465193e-85,cancer,RNF213
TTC39C,1.61417696034868e-18,1.235624853,0.156,0.081,8.96271757233606e-14,cancer,TTC39C
MBTPS1,2.6995648092456e-37,1.232863005,0.277,0.142,1.49893336033362e-32,cancer,MBTPS1
MTCO3P18,2.73971475458762e-32,1.231002804,0.231,0.109,1.52122661748478e-27,cancer,MTCO3P18
ATP2B4,1.0921622370158e-26,1.225715714,0.178,0.081,6.06423082103021e-22,cancer,ATP2B4
TIGIT,1.04834451343067e-22,1.222878892,0.219,0.123,5.82093291082381e-18,cancer,TIGIT
TNFRSF1B,5.19651529779317e-30,1.204355826,0.239,0.123,2.88536511909966e-25,cancer,TNFRSF1B
ZFC3H1,6.46768484007955e-19,1.202230283,0.181,0.1,3.59118200745417e-14,cancer,ZFC3H1
CD2,4.66558852842139e-96,1.195170282,0.548,0.289,2.59056803040598e-91,cancer,CD2
AC006129.2,1.93083946852862e-19,1.187464714,0.166,0.087,1.07209861490052e-14,cancer,AC006129.2
SEC24A,2.19189215782662e-40,1.181914706,0.301,0.156,1.21704812063323e-35,cancer,SEC24A
BCL11B,1.20405075444207e-24,1.179904446,0.218,0.118,6.6854918140396e-20,cancer,BCL11B
TP53INP1,3.39063643415146e-65,1.17432563,0.504,0.325,1.8826508800626e-60,cancer,TP53INP1
CD6,9.527848139205e-27,1.148339235,0.197,0.094,5.29033767929358e-22,cancer,CD6
NPAT,1.08954276717314e-17,1.14319943,0.16,0.085,6.04968621472886e-13,cancer,NPAT
TAOK1,4.80214486796772e-11,1.142326314,0.163,0.104,2.66639093793908e-06,cancer,TAOK1
MBD2,4.80934757199765e-35,1.133697796,0.294,0.163,2.6703902393517e-30,cancer,MBD2
N4BP1,7.85141903213182e-19,1.131909746,0.175,0.095,4.35950041759119e-14,cancer,N4BP1
pEpid17 (inflammatory chemokines),4.77679833557974e-11,1.128758797,0.195,0.136,2.65231727583065e-06,cancer,pEpid17 (inflammatory chemokines)
TRIP11,1.38583030624234e-26,1.126541972,0.258,0.15,7.69482277541057e-22,cancer,TRIP11
KIAA1551,2.54141852107519e-42,1.122620633,0.375,0.231,1.411122633827e-37,cancer,KIAA1551
LAG3,3.28215058629176e-20,1.120121828,0.186,0.1,1.8224141130385e-15,cancer,LAG3
IGHGP,3.13679431680465e-93,1.118525379,0.249,0.043,1.74170504440578e-88,cancer,IGHGP
PAG1,4.30717200222024e-31,1.116140631,0.243,0.123,2.39155725423279e-26,cancer,PAG1
APOL6,1.54601707696132e-44,1.107688887,0.322,0.164,8.58425981982773e-40,cancer,APOL6
MACF1,3.78817022560251e-26,1.107165192,0.281,0.17,2.1033815177658e-21,cancer,MACF1
CD84,1.77476830552773e-19,1.102110784,0.169,0.088,9.85440101644273e-15,cancer,CD84
ITGB2,1.89356028010208e-47,1.101318315,0.355,0.188,1.05139934552668e-42,cancer,ITGB2
LCP2,4.54164978276492e-28,1.100607939,0.265,0.151,2.52175104188022e-23,cancer,LCP2
JAK3,5.89391324691511e-24,1.100170753,0.18,0.087,3.27259533034962e-19,cancer,JAK3
SPEN,6.19745711295719e-25,1.09346428,0.199,0.101,3.44113806196948e-20,cancer,SPEN
CTA-292E10.6,5.89067367209235e-18,1.09015041,0.168,0.092,3.27079655642928e-13,cancer,CTA-292E10.6
ITGAL,1.32434951706307e-20,1.087445008,0.192,0.104,7.35345069349271e-16,cancer,ITGAL
CD81,2.50075517434842e-32,1.076401212,0.323,0.197,1.38854431055696e-27,cancer,CD81
EHMT1,3.61925257342263e-51,1.075610534,0.396,0.227,2.00958999139291e-46,cancer,EHMT1
MTCO2P22,2.81875636105296e-27,1.064737513,0.231,0.12,1.56511446947465e-22,cancer,MTCO2P22
pEpi11,4.56848546774495e-12,1.058427215,0.183,0.12,2.53665155596538e-07,cancer,pEpi11
AFF1,4.59898524158642e-20,1.055395274,0.174,0.091,2.55358655539086e-15,cancer,AFF1
ZEB2,8.15767355270943e-21,1.055349224,0.197,0.108,4.52954824014191e-16,cancer,ZEB2
PREX1,1.39629551565082e-15,1.044355658,0.154,0.085,7.75293085065117e-11,cancer,PREX1
HLA-DQA1,4.72845720406299e-29,1.042978559,0.248,0.132,2.62547586255597e-24,cancer,HLA-DQA1
SAMD9L,6.74674742529705e-35,1.040910189,0.293,0.157,3.74613150789619e-30,cancer,SAMD9L
CECR1,2.80527100189234e-25,1.036938537,0.238,0.134,1.55762672380072e-20,cancer,CECR1
CLEC2B,3.3606591027298e-49,1.035102547,0.43,0.258,1.86600596679072e-44,cancer,CLEC2B
HN1,1.57059299925337e-20,1.027724009,0.207,0.117,8.72071762835432e-16,cancer,HN1
LTN1,1.11503026794474e-13,1.024020232,0.165,0.1,6.19120556276317e-09,cancer,LTN1
MT-RNR1,1.15512564233977e-29,1.023711848,0.398,0.335,6.41383512909157e-25,cancer,MT-RNR1
VPS13C,8.54332294173252e-32,1.019713595,0.293,0.165,4.74368006339698e-27,cancer,VPS13C
MGAT4A,4.77198740932515e-23,1.018738854,0.217,0.12,2.64964600902779e-18,cancer,MGAT4A
BOD1L1,2.90958430638937e-26,1.018593445,0.276,0.165,1.6155466861227e-21,cancer,BOD1L1
PARP14,1.25205023102415e-26,1.016932805,0.29,0.175,6.95200890776159e-22,cancer,PARP14
SPOCK2,1.96743600865657e-45,1.015350043,0.343,0.179,1.09241884380656e-40,cancer,SPOCK2
IER3,3.76711384636442e-14,1.011642178,0.199,0.127,2.09168996319385e-09,cancer,IER3
TNFSF10,6.81792037976585e-17,1.011269546,0.2,0.119,3.78565029086499e-12,cancer,TNFSF10
TNFAIP3,2.38054803960885e-94,1.006968231,0.635,0.399,1.32179929899281e-89,cancer,TNFAIP3
NFAT5,1.894136079789e-17,1.006752062,0.181,0.103,1.05171905830284e-12,cancer,NFAT5
SYNE2,2.49668464854959e-54,1.006091687,0.379,0.196,1.38628415110716e-49,cancer,SYNE2
ETS1,2.63719370792329e-49,1.005831058,0.363,0.194,1.46430180632441e-44,cancer,ETS1
CPEB4,1.36604063398315e-51,1.000456009,0.436,0.255,7.58494062019146e-47,cancer,CPEB4
PTBP3,4.99197674462052e-22,1.000301501,0.215,0.12,2.77179508745055e-17,cancer,PTBP3
XRN1,2.92514956821692e-35,0.999949582,0.329,0.19,1.62418929775244e-30,cancer,XRN1
MED13,2.02346971593177e-15,0.996224977,0.18,0.107,1.12353155977111e-10,cancer,MED13
PARP9,3.06950137041022e-18,0.995016341,0.178,0.098,1.70434063592027e-13,cancer,PARP9
EPSTI1,8.28427116685657e-25,0.993442268,0.281,0.174,4.59984156539711e-20,cancer,EPSTI1
TRIP12,8.07407746558759e-23,0.99287974,0.198,0.103,4.48313151276751e-18,cancer,TRIP12
SYNE1,1.92187458747963e-20,0.990855716,0.225,0.134,1.06712086469807e-15,cancer,SYNE1
PRKDC,1.82681534290395e-19,0.988241156,0.253,0.163,1.01433921914742e-14,cancer,PRKDC
TIA1,2.12899733437842e-17,0.986828411,0.195,0.114,1.18212576991362e-12,cancer,TIA1
CD3G,2.69627985268523e-37,0.98626558,0.403,0.257,1.49710938820347e-32,cancer,CD3G
SUPT16H,7.14166250380818e-15,0.98347154,0.173,0.103,3.96540810523949e-10,cancer,SUPT16H
C16orf87,2.43068665523087e-13,0.977439325,0.158,0.094,1.34963876531694e-08,cancer,C16orf87
SLA,2.55323412694472e-40,0.975436464,0.334,0.184,1.41768324898606e-35,cancer,SLA
CREBZF,3.56714356157162e-20,0.973669415,0.215,0.125,1.98065646256264e-15,cancer,CREBZF
PBRM1,8.66436617201831e-20,0.971995882,0.227,0.137,4.81088931701317e-15,cancer,PBRM1
TUG1,2.52238346786669e-14,0.971765163,0.154,0.088,1.40055342053298e-09,cancer,TUG1
MIAT,1.35448157927793e-31,0.96918492,0.265,0.139,7.5207589689407e-27,cancer,MIAT
ELK3,7.49535545239693e-19,0.968665898,0.195,0.111,4.16179611494339e-14,cancer,ELK3
BHLHE40,1.52759247208454e-22,0.968561133,0.162,0.075,8.48195720124939e-18,cancer,BHLHE40
SPTAN1,3.30730312561187e-21,0.967277148,0.216,0.122,1.83638006049599e-16,cancer,SPTAN1
TRAM2,5.01026254326769e-22,0.965640663,0.278,0.18,2.78194827714938e-17,cancer,TRAM2
FUT8,1.00950681349277e-30,0.962011419,0.319,0.194,5.60528658191859e-26,cancer,FUT8
HIPK1,1.46128627081368e-11,0.960937426,0.156,0.098,8.11379201869296e-07,cancer,HIPK1
MTCYBP19,2.60013294412672e-26,0.960243051,0.227,0.118,1.44372381722636e-21,cancer,MTCYBP19
LAX1,1.74449387538858e-37,0.958040326,0.335,0.188,9.68630224309509e-33,cancer,LAX1
RBM33,8.79189774772349e-30,0.957552692,0.337,0.212,4.88170122442347e-25,cancer,RBM33
PMEPA1,1.99884845768391e-12,0.957435007,0.166,0.104,1.10986060612899e-07,cancer,PMEPA1
HIF1A,9.0101948545649e-25,0.955883821,0.245,0.139,5.00291069299716e-20,cancer,HIF1A
MBNL2,3.07219660855445e-30,0.951084502,0.287,0.162,1.70583716689986e-25,cancer,MBNL2
ASXL2,3.72354513141093e-13,0.947716769,0.168,0.103,2.06749843421592e-08,cancer,ASXL2
JSRP1,2.47035362467763e-55,0.947373572,0.482,0.294,1.37166385010225e-50,cancer,JSRP1
TMEM131,3.22210442088067e-15,0.945386924,0.168,0.097,1.78907347969399e-10,cancer,TMEM131
HELZ,5.06780687764491e-21,0.942212382,0.236,0.141,2.81389976881234e-16,cancer,HELZ
RP11-290F5.1,7.94590204394682e-14,0.937854338,0.202,0.133,4.41196210990147e-09,cancer,RP11-290F5.1
ARL3,3.05295692499575e-13,0.936871576,0.179,0.113,1.69515433260389e-08,cancer,ARL3
GPR183,1.84317494263914e-54,0.936218564,0.435,0.247,1.02342288690038e-49,cancer,GPR183
MAP3K2,5.85249869179435e-21,0.934369516,0.242,0.147,3.24959989861882e-16,cancer,MAP3K2
GPRIN3,3.40592103450544e-21,0.933492898,0.201,0.109,1.89113765440915e-16,cancer,GPRIN3
GIMAP4,3.60171082835536e-20,0.932271636,0.222,0.129,1.99984993744431e-15,cancer,GIMAP4
PCED1B,1.74318066104428e-16,0.929514785,0.17,0.095,9.67901062044835e-12,cancer,PCED1B
SOCS3,5.09220408788167e-36,0.927851515,0.408,0.262,2.8274463197963e-31,cancer,SOCS3
NFATC2,7.30429234385131e-20,0.926763395,0.174,0.09,4.05570832392344e-15,cancer,NFATC2
LCP1,1.28591068704244e-46,0.926193125,0.43,0.257,7.14001908980317e-42,cancer,LCP1
ITPR2,5.29344484891042e-17,0.925239748,0.206,0.124,2.93918525235751e-12,cancer,ITPR2
CAB39,1.55288488433762e-18,0.921606943,0.204,0.118,8.62239332028463e-14,cancer,CAB39
LYSMD3,1.96787845086558e-12,0.920048043,0.152,0.091,1.09266450984312e-07,cancer,LYSMD3
AHCYL1,1.32644142087021e-14,0.919432614,0.177,0.107,7.36506598938185e-10,cancer,AHCYL1
MGLL,2.27573611109811e-15,0.918807024,0.173,0.101,1.26360247568723e-10,cancer,MGLL
GABARAP,6.82842204937354e-22,0.912889803,0.339,0.235,3.79148134291466e-17,cancer,GABARAP
SUZ12,1.52883903537569e-12,0.911968162,0.211,0.144,8.48887874392351e-08,cancer,SUZ12
SOD2,3.83268823411314e-18,0.906509582,0.296,0.204,2.12810014199132e-13,cancer,SOD2
ITGA6,1.08830776162731e-19,0.904302722,0.245,0.152,6.04282884643566e-15,cancer,ITGA6
LNPEP,3.01864219852473e-19,0.902456204,0.248,0.156,1.67610108073086e-14,cancer,LNPEP
KAT6A,2.00961836856469e-12,0.898221338,0.172,0.109,1.11584059914554e-07,cancer,KAT6A
RAB29,1.249099458332e-14,0.897898604,0.155,0.087,6.93562474238844e-10,cancer,RAB29
pM13,6.47282146133508e-17,0.896866324,0.35,0.271,3.5940341164063e-12,cancer,pM13
CALCOCO1,1.4981613188341e-22,0.894006982,0.252,0.151,8.31854072282633e-18,cancer,CALCOCO1
CDK14,4.24351166817201e-25,0.889959423,0.204,0.104,2.35620985375251e-20,cancer,CDK14
CDKN1B,1.11109733460119e-36,0.889728726,0.425,0.279,6.16936795037312e-32,cancer,CDKN1B
pMA03,3.80613843824156e-25,0.889635462,0.384,0.284,2.11335836783362e-20,cancer,pMA03
PPP1R15B,1.8415308283514e-15,0.886588041,0.231,0.151,1.02250999244212e-10,cancer,PPP1R15B
SUGP2,5.99353059331818e-15,0.885930871,0.187,0.114,3.32790786193992e-10,cancer,SUGP2
TUBA1A,2.09261760683039e-22,0.883947421,0.296,0.19,1.16192592619258e-17,cancer,TUBA1A
PLK3,6.85340589768092e-14,0.882791415,0.175,0.107,3.80535362468733e-09,cancer,PLK3
RORA,1.11374677661656e-39,0.881935332,0.382,0.232,6.18407897716347e-35,cancer,RORA
EIF2AK2,8.91124008718717e-20,0.877919109,0.273,0.176,4.94796605841068e-15,cancer,EIF2AK2
SMARCE1,8.75189960034097e-17,0.877373644,0.183,0.105,4.85949225308932e-12,cancer,SMARCE1
DEK,4.75217958881939e-20,0.874404178,0.273,0.175,2.63864771669197e-15,cancer,DEK
NME2,7.34057186504066e-12,0.873928934,0.24,0.174,4.07585252806382e-07,cancer,NME2
KPNA4,3.86670078164565e-11,0.873847943,0.194,0.133,2.14698560900875e-06,cancer,KPNA4
CDKN2C,2.59017639704102e-13,0.873348661,0.153,0.089,1.43819544445702e-08,cancer,CDKN2C
MKKS,9.68356847091339e-15,0.870984181,0.152,0.084,5.37680139347466e-10,cancer,MKKS
IGHG1,6.87599734660169e-180,0.868782659,0.636,0.253,3.81789752670059e-175,cancer,IGHG1
PDS5B,2.31479618812232e-11,0.865858589,0.157,0.098,1.28529058345492e-06,cancer,PDS5B
MTND1P22,1.25315640747154e-26,0.865571074,0.223,0.114,6.9581509524857e-22,cancer,MTND1P22
CEP350,4.28709392972078e-22,0.862281292,0.286,0.184,2.38040890447746e-17,cancer,CEP350
SUPT6H,9.22816325956819e-11,0.860448615,0.163,0.106,5.12393764987524e-06,cancer,SUPT6H
ZCCHC11,3.46040721838709e-14,0.860330426,0.183,0.113,1.92139110800943e-09,cancer,ZCCHC11
SEMA4D,9.12185049855963e-25,0.859243088,0.274,0.162,5.06490748932524e-20,cancer,SEMA4D
AP2B1,3.94979033371084e-13,0.858766348,0.186,0.118,2.19312108279295e-08,cancer,AP2B1
SETX,4.11559590130541e-13,0.858763744,0.233,0.162,2.28518462419983e-08,cancer,SETX
DYNC1H1,4.88233799641177e-20,0.858106778,0.289,0.191,2.71091817250763e-15,cancer,DYNC1H1
ZNF106,1.94802810621037e-10,0.855424056,0.185,0.127,1.08164260597331e-05,cancer,ZNF106
EEF1G,8.95136261501192e-08,0.854681763,0.237,0.189,0.004970244,cancer,EEF1G
CDK6,1.45361709613041e-18,0.846177666,0.233,0.142,8.07120892626408e-14,cancer,CDK6
TMEM140,8.64940029949836e-12,0.845376485,0.155,0.095,4.80257951629647e-07,cancer,TMEM140
OSBPL3,3.77510010611944e-15,0.844715308,0.179,0.106,2.09612433392282e-10,cancer,OSBPL3
SKIL,4.22950513627121e-23,0.840456825,0.296,0.187,2.34843272691459e-18,cancer,SKIL
LYST,5.35120031090311e-15,0.840171129,0.189,0.115,2.97125397262895e-10,cancer,LYST
GZMB,4.17445756641595e-16,0.839556677,0.291,0.202,2.31786756375246e-11,cancer,GZMB
CLIP1,2.0380991179676e-18,0.839231633,0.241,0.152,1.13165453525151e-13,cancer,CLIP1
ICAM1,6.17951843522468e-12,0.837285954,0.178,0.115,3.4311776111585e-07,cancer,ICAM1
TMOD3,5.78059387652655e-11,0.83704088,0.175,0.115,3.20967474994137e-06,cancer,TMOD3
DICER1,7.87099434793678e-10,0.836705691,0.175,0.121,4.3703696116919e-05,cancer,DICER1
pP05,7.86812995948856e-21,0.836596269,0.396,0.33,4.36877916000603e-16,cancer,pP05
MIS18BP1,1.80172776261636e-21,0.835846666,0.281,0.178,1.00040934019273e-16,cancer,MIS18BP1
KAT6B,1.15180469126112e-11,0.833822991,0.219,0.153,6.39539554822739e-07,cancer,KAT6B
CTBS,6.79345379881321e-28,0.832753028,0.319,0.195,3.77206522179104e-23,cancer,CTBS
TOP2B,3.72551148110754e-14,0.826479256,0.205,0.132,2.06859024988496e-09,cancer,TOP2B
PRDM2,1.36247263976936e-16,0.824503849,0.278,0.193,7.56512933231936e-12,cancer,PRDM2
TMPO,2.99302104723509e-14,0.823744369,0.212,0.138,1.66187493647729e-09,cancer,TMPO
IL6R,1.32387366843834e-09,0.82358753,0.15,0.099,7.35080854400386e-05,cancer,IL6R
CYLD,9.95983384244776e-28,0.821617483,0.357,0.233,5.53019774101912e-23,cancer,CYLD
ZKSCAN1,6.65147504581894e-15,0.821024883,0.198,0.124,3.69323151919097e-10,cancer,ZKSCAN1
COTL1,6.54966902044457e-38,0.820497074,0.478,0.33,3.63670372360185e-33,cancer,COTL1
PHKB,7.45252574945116e-13,0.82013073,0.187,0.121,4.13801492238276e-08,cancer,PHKB
LARP4,1.66778984533313e-12,0.819044159,0.165,0.101,9.26040311621219e-08,cancer,LARP4
ATP6V1A,7.23758919136407e-12,0.816230403,0.15,0.09,4.0186713985049e-07,cancer,ATP6V1A
DIAPH1,7.12534003342693e-14,0.814072231,0.191,0.119,3.9563450535603e-09,cancer,DIAPH1
SMCHD1,4.06213574792293e-43,0.811854216,0.477,0.315,2.25550087403421e-38,cancer,SMCHD1
pMA05,2.69339759243975e-28,0.811486743,0.361,0.237,1.49550901320217e-23,cancer,pMA05
SAMD9,2.45338831786085e-15,0.811019473,0.215,0.136,1.36224386349224e-10,cancer,SAMD9
CD83,2.05162398738091e-09,0.810060325,0.154,0.101,0.000113916,cancer,CD83
ST6GAL1,1.85694399242126e-45,0.809296513,0.471,0.3,1.03106815179191e-40,cancer,ST6GAL1
TAB2,1.51374768688823e-13,0.804111952,0.162,0.097,8.40508403144688e-09,cancer,TAB2
MYO1G,1.79394578983559e-11,0.802404253,0.178,0.117,9.96088399806211e-07,cancer,MYO1G
RALGPS2,2.78910686437769e-27,0.79977501,0.313,0.191,1.54865158644571e-22,cancer,RALGPS2
KCTD20,1.17902813515878e-12,0.799143621,0.156,0.093,6.54655372046913e-08,cancer,KCTD20
CD247,6.69730130168183e-19,0.798399362,0.256,0.162,3.71867654775884e-14,cancer,CD247
ACTN4,5.01310980970496e-21,0.798360398,0.307,0.202,2.78352922183868e-16,cancer,ACTN4
AL035209.2,8.66994080326676e-10,0.79822425,0.172,0.119,4.81398463101387e-05,cancer,AL035209.2
XRRA1,4.3721370114606e-15,0.796708035,0.179,0.106,2.4276290756135e-10,cancer,XRRA1
IGHG3,4.97898833431197e-133,0.793709166,0.604,0.282,2.76458327262672e-128,cancer,IGHG3
MT-ND4L,9.24467907024646e-25,0.792104449,0.601,0.531,5.13310805375435e-20,cancer,MT-ND4L
MED13L,1.94016674812756e-23,0.791761954,0.243,0.141,1.07727758689783e-18,cancer,MED13L
RASSF6,5.44857443885707e-27,0.789824305,0.261,0.143,3.02532095717539e-22,cancer,RASSF6
SUDS3,2.60018530705292e-13,0.788689659,0.202,0.131,1.44375289174113e-08,cancer,SUDS3
NIPBL,7.15597186557996e-18,0.788120308,0.277,0.187,3.97335337836327e-13,cancer,NIPBL
SEC31A,3.48072000837426e-31,0.788033617,0.391,0.258,1.93266978464981e-26,cancer,SEC31A
FBXO18,5.88802587794803e-10,0.78675915,0.169,0.114,3.26932636873065e-05,cancer,FBXO18
UBR5,6.01057186674597e-13,0.786358566,0.2,0.131,3.3373700290107e-08,cancer,UBR5
CD8A,1.86117647033924e-16,0.78610459,0.246,0.159,1.03341823515586e-11,cancer,CD8A
NFATC3,2.43071202880647e-11,0.784986804,0.208,0.144,1.3496528539948e-06,cancer,NFATC3
GLS,2.94848508402945e-20,0.783801063,0.344,0.247,1.63714634290735e-15,cancer,GLS
APBB1IP,1.62988324347239e-12,0.78270114,0.242,0.172,9.04992670938044e-08,cancer,APBB1IP
GIGYF2,3.79279284348773e-15,0.781958563,0.227,0.148,2.10594822634656e-10,cancer,GIGYF2
BCL3,2.03143720246908e-13,0.781828366,0.153,0.088,1.12795550667096e-08,cancer,BCL3
pEpi31,3.21583229296108e-08,0.781709233,0.211,0.16,0.001785591,cancer,pEpi31
ZFP36L1,2.17087807469564e-44,0.781663416,0.527,0.37,1.20538005097475e-39,cancer,ZFP36L1
GIMAP7,1.25101479028266e-16,0.780729864,0.267,0.18,6.94625962304447e-12,cancer,GIMAP7
PLEC,3.64621943483337e-09,0.780082162,0.15,0.099,0.000202456,cancer,PLEC
SGK1,4.42270367758168e-11,0.779321724,0.182,0.121,2.45570621697723e-06,cancer,SGK1
PGM3,3.5331350469664e-16,0.778610311,0.227,0.146,1.96177323482809e-11,cancer,PGM3
TRIM22,1.02131944017864e-15,0.777206241,0.22,0.139,5.67087619159188e-11,cancer,TRIM22
GALNT1,1.08127562765398e-11,0.777099159,0.192,0.128,6.00378292254872e-07,cancer,GALNT1
TCF4,7.37862632863085e-29,0.7769453,0.383,0.259,4.09698226897228e-24,cancer,TCF4
ANKRD17,1.99798779883491e-11,0.774345587,0.174,0.113,1.10938272530308e-06,cancer,ANKRD17
GAK,7.728925004459e-12,0.773624851,0.164,0.103,4.29148560872586e-07,cancer,GAK
ZNF37A,1.63400098408657e-13,0.773427167,0.203,0.132,9.0727904641407e-09,cancer,ZNF37A
PUM1,1.71485832193263e-12,0.772711929,0.202,0.134,9.52175083253093e-08,cancer,PUM1
MTND4P33,1.2343102700673e-30,0.769932241,0.231,0.111,6.85350777454869e-26,cancer,MTND4P33
PRF1,1.44285405219823e-08,0.768988769,0.18,0.127,0.000801145,cancer,PRF1
HUWE1,1.46966604409821e-12,0.767436714,0.203,0.135,8.1603207098553e-08,cancer,HUWE1
ATM,1.22191792090805e-28,0.767377281,0.425,0.305,6.78469925584195e-24,cancer,ATM
CD3D,1.87648957171297e-55,0.766817485,0.625,0.435,1.04192083469363e-50,cancer,CD3D
KDM5A,2.71735675327323e-17,0.766527528,0.285,0.196,1.50881233725496e-12,cancer,KDM5A
CHST2,1.49455753634069e-16,0.764880467,0.247,0.161,8.2985307205317e-12,cancer,CHST2
TAGAP,1.64044940449449e-24,0.764626186,0.394,0.278,9.10859531845568e-20,cancer,TAGAP
SERPINB9,2.72945602444349e-14,0.764535464,0.261,0.182,1.51553045757225e-09,cancer,SERPINB9
USP7,1.83453614853372e-12,0.76445877,0.187,0.12,1.01862619647335e-07,cancer,USP7
CLTC,1.44270290275365e-22,0.760351489,0.274,0.168,8.01060786753964e-18,cancer,CLTC
FNDC3B,2.6965420372329e-38,0.756717776,0.464,0.313,1.49725496617357e-33,cancer,FNDC3B
BHLHE41,5.86363529024429e-23,0.756556342,0.282,0.173,3.25578349490814e-18,cancer,BHLHE41
PTPRC,6.71048197952646e-103,0.756176215,0.671,0.405,3.72599511913207e-98,cancer,PTPRC
AAK1,1.1629822283475e-25,0.754318113,0.339,0.219,6.45745882289949e-21,cancer,AAK1
EDEM3,6.02147340102877e-14,0.754309611,0.245,0.168,3.34342310592123e-09,cancer,EDEM3
DMTF1,2.65728876791085e-09,0.753953728,0.152,0.1,0.000147546,cancer,DMTF1
KMT2C,1.50998712290976e-17,0.752261395,0.286,0.197,8.38420349995645e-13,cancer,KMT2C
APOE,1.04220251682789e-27,0.752140719,0.212,0.1,5.78682947468686e-23,cancer,APOE
PTPN22,3.3570736136356e-13,0.751341531,0.213,0.141,1.86401512397117e-08,cancer,PTPN22
WNK1,1.19298142290662e-23,0.750660796,0.313,0.202,6.624029350689e-19,cancer,WNK1
TG,3.16208155359253e-180,5.313441005,0.254,0.006,1.75574578263225e-175,Control,TG
MALAT1,2.20461695596413e-33,1.346697659,0.993,0.996,1.22411356479908e-28,Control,MALAT1
RPLP1,7.69233540374902e-33,1.026187289,0.993,0.994,4.27116923293165e-28,Control,RPLP1
RPL10,1.53897668354485e-29,1.026593241,0.986,0.993,8.54516803538277e-25,Control,RPL10
RBFOX2,3.36922746143199e-27,5.08306535,0.167,0.023,1.87076354796011e-22,Control,RBFOX2
B2M,5.26853271825601e-27,0.789612626,1,1,2.92535279181165e-22,Control,B2M
POLR2J3.1,3.49985317458108e-26,0.841829804,0.225,0.038,1.94329347518614e-21,Control,POLR2J3.1
MTRNR2L12,5.5617150398354e-26,0.930531498,0.457,0.124,3.0881422758686e-21,Control,MTRNR2L12
DCN,7.82376406260853e-24,2.108244348,0.152,0.021,4.34414499576339e-19,Control,DCN
RRAD,9.16579600677126e-24,2.957652169,0.159,0.023,5.08930823275974e-19,Control,RRAD
RPL41,2.39544399045761e-23,1.009458744,0.949,0.98,1.33007027570159e-18,Control,RPL41
MGP,1.72534534295789e-22,1.505743373,0.21,0.039,9.57998001677367e-18,Control,MGP
RPS27,2.54317711030479e-22,0.873132744,0.993,0.989,1.41209909049674e-17,Control,RPS27
RPL13,5.00360560969927e-21,0.848165518,0.986,0.99,2.77825201478552e-16,Control,RPL13
RPS18,1.37487512506124e-15,0.928489172,0.986,0.981,7.63399413190253e-11,Control,RPS18
AREG1,3.92977445072073e-15,1.676245516,0.449,0.174,2.18200726376269e-10,Control,AREG
CYRIB,6.45594855393941e-14,2.068313134,0.152,0.033,3.58466543457486e-09,Control,CYRIB
TIMP2,6.6580767857702e-13,1.379258558,0.29,0.094,3.6968971352989e-08,Control,TIMP2
RPS14,1.48683690611111e-12,0.781882416,0.993,0.978,8.25566192118193e-08,Control,RPS14
IGHG31,6.92432717490297e-11,2.518918282,0.652,0.514,3.84473266386487e-06,Control,IGHG3
CARMIL1,9.81202849135055e-11,1.991920254,0.217,0.07,5.44812881982239e-06,Control,CARMIL1
TUT4,7.11542116248841e-10,0.791207553,0.304,0.116,3.95083760047169e-05,Control,TUT4
WWOX,7.77160945762943e-10,2.949167128,0.196,0.065,4.31518615134874e-05,Control,WWOX
ENSG00000253755,1.04378660917886e-09,2.93378374,0.181,0.057,5.7956251474656e-05,Control,ENSG00000253755
IGFBP7,1.05090835592359e-09,0.82729683,0.203,0.066,5.83516864626573e-05,Control,IGFBP7
IFNG-AS1,1.14520821942958e-09,1.419657501,0.196,0.061,6.35876863838276e-05,Control,IFNG-AS1
IGHG11,2.59878847664371e-09,2.551004347,0.645,0.53,0.000144298,Control,IGHG1
ENSG00000198868,6.58032438183463e-09,2.488298041,0.246,0.099,0.000365373,Control,ENSG00000198868
GNB2L1,8.6204269529154e-09,1.706229762,0.217,0.083,0.000478649,Control,GNB2L1
CRYBG1,8.88109576533668e-09,2.976463223,0.181,0.061,0.000493123,Control,CRYBG1
RASSF3,4.48455377638224e-08,1.528859956,0.181,0.063,0.002490048,Control,RASSF3
ZNF331,8.13839541800938e-08,1.374007019,0.486,0.261,0.004518844,Control,ZNF331
DENND4A,1.79627247118099e-07,1.758240586,0.275,0.123,0.009973803,Control,DENND4A
IGHG41,2.81515795140351e-07,2.288073612,0.58,0.467,0.015631165,Control,IGHG4
TMSB4X,4.52269528631728e-07,0.837632289,1,0.98,0.025112266,Control,TMSB4X
PFKFB3,4.71407055378729e-07,1.491311908,0.254,0.109,0.026174877,Control,PFKFB3